Albania (al)
 ∙ Tirana (tia)
Australia (au)
 ∙ Adelaide (adl)
 ∙ Brisbane (bne)
 ∙ Canberra (cbr)
 ∙ Melbourne (mel)
 ∙ Perth (per)
 ∙ Sydney (syd)
Austria (at)
 ∙ Vienna (vie)
Belgium (be)
 ∙ Brussels (bru)
Brazil (br)
 ∙ Sao Paulo (sao)
Bulgaria (bg)
 ∙ Sofia (sof)
Canada (ca)
 ∙ Montreal (mtr)
 ∙ Toronto (tor)
 ∙ Vancouver (van)
Czech Republic (cz)
 ∙ Prague (prg)
Denmark (dk)
 ∙ Copenhagen (cph)
Estonia (ee)
 ∙ Tallinn (tll)
Finland (fi)
 ∙ Helsinki (hel)
France (fr)
 ∙ Marseille (mrs)
 ∙ Paris (par)
Germany (de)
 ∙ Dusseldorf (dus)
 ∙ Frankfurt (fra)
Greece (gr)
 ∙ Athens (ath)
Hong Kong (hk)
 ∙ Hong Kong (hkg)
Hungary (hu)
 ∙ Budapest (bud)
Ireland (ie)
 ∙ Dublin (dub)
Israel (il)
 ∙ Tel Aviv (tlv)
Italy (it)
 ∙ Milan (mil)
Japan (jp)
 ∙ Osaka (osa)
 ∙ Tokyo (tyo)
Latvia (lv)
 ∙ Riga (rix)
Luxembourg (lu)
 ∙ Luxembourg (lux)
Moldova (md)
 ∙ Chisinau (kiv)
Netherlands (nl)
 ∙ Amsterdam (ams)
New Zealand (nz)
 ∙ Auckland (akl)
North Macedonia (mk)
 ∙ Skopje (skp)
Norway (no)
 ∙ Oslo (osl)
 ∙ Stavanger (svg)
Poland (pl)
 ∙ Warsaw (waw)
Portugal (pt)
 ∙ Lisbon (lis)
Romania (ro)
 ∙ Bucharest (buh)
Serbia (rs)
 ∙ Belgrade (beg)
Singapore (sg)
 ∙ Singapore (sin)
Slovakia (sk)
 ∙ Bratislava (bts)
Spain (es)
 ∙ Madrid (mad)
Sweden (se)
 ∙ Gothenburg (got)
 ∙ Helsingborg (hel)
 ∙ Malmö (mma)
 ∙ Stockholm (sto)
Switzerland (ch)
 ∙ Zurich (zrh)
UK (gb)
 ∙ London (lon)
 ∙ Manchester (mnc)
United Arab Emirates (ae)
 ∙ Dubai (dxb)
USA (us)
 ∙ Ashburn, VA (qas)
 ∙ Atlanta, GA (atl)
 ∙ Chicago, IL (chi)
 ∙ Dallas, TX (dal)
 ∙ Denver, CO (den)
 ∙ Houston, TX (hou)
 ∙ Los Angeles, CA (lax)
 ∙ Miami, FL (mia)
 ∙ New York, NY (nyc)
 ∙ Phoenix, AZ (phx)
 ∙ Raleigh, NC (rag)
 ∙ Salt Lake City, UT (slc)
 ∙ San Jose, CA (sjc)
 ∙ Seattle, WA (sea)
 ∙ Secaucus, NJ (uyk)
